First Name,Last Name,Email,Mobile Number,Zip Code,Affiliates,
Gatt,Adar,genericemail105@email.com,(515) 481-3056,13935,Keourd Ruk,
Merk,Adard,genericemail31@email.com,(989) 549-5252,36897,Gettel Kloutt,Arerd Heoutney,Felle Arur,
Rim,Adelle,genericemail101@email.com,(569) 393-4756,13022,Hourk Ellim,
Gaett,Adoum,genericemail192@email.com,(923) 081-8063,31469,Allulle Juc (643) 056-1829 affilemail@mail.com,Klak Jutt,
Jouc,Allab,genericemail177@email.com,(041) 312-4260,30731,Jim Zub,Grorrd Koulle,
Ellum,Allaec,genericemail130@email.com,(548) 811-6527,12069,Houm Grorttel,Lir Gryr (613) 928-2907 affilemail@mail.com,Geourk Kob (811) 626-4018 affilemail@mail.com,
Gourd,Allatney,genericemail25@email.com,(251) 577-9417,18838,Kott Alletney (384) 130-4177 affilemail@mail.com,Kluttel Klorrd (505) 122-1553 affilemail@mail.com,Huc Cuttel,
Aroc,Alleoum,genericemail143@email.com,(830) 991-1586,14092,Quorck Polle (477) 486-4491 affilemail@mail.com,Zok Quorb (887) 191-7712 affilemail@mail.com,Gotney Dolle,Daerd Mir (122) 968-9363 affilemail@mail.com,
Adottel,Allorc,genericemail76@email.com,(871) 143-5701,11221,Forrk Jeb,Rak Geoutt (463) 289-5008 affilemail@mail.com,Forb Com (342) 540-2494 affilemail@mail.com,Rir Ellorck (206) 088-0312 affilemail@mail.com,Kub Graetney (900) 674-2634 affilemail@mail.com,
Boulle,Allurk,genericemail4@email.com,(106) 750-0454,32658,Rourd Gattel (683) 148-4920 affilemail@mail.com,Grorrd Dottel,Bour Loulle,Zaerk Bic (022) 367-1554 affilemail@mail.com,
Elleouc,Alluttel,genericemail26@email.com,(664) 529-1249,34125,Nem Norck,Zorttel Maett (132) 605-7449 affilemail@mail.com,Zork Baetney (197) 093-3313 affilemail@mail.com,Jutney Feb (951) 362-8819 affilemail@mail.com,Fatt Nirk (721) 761-7306 affilemail@mail.com,
Kuck,Aram,genericemail108@email.com,(775) 089-3849,18428,Edeouttel Jolle (226) 714-1052 affilemail@mail.com,Jom Goutney,
Geouttel,Areouttel,genericemail48@email.com,(261) 561-0504,38981,Zeourk Cim (801) 191-0323 affilemail@mail.com,Allutney Laerd,Kim Maettel (543) 738-0568 affilemail@mail.com,Cik Quetney (430) 205-1058 affilemail@mail.com,
Geouck,Arib,genericemail147@email.com,(472) 174-4763,40552,Ellaec Fek (895) 307-7234 affilemail@mail.com,
Byrk,Arim,genericemail57@email.com,(075) 549-4209,14977,
Curd,Arorb,genericemail148@email.com,(332) 956-8002,20737,Louk Pour,Jourd Allorm,Graeck Adark (256) 075-4350 affilemail@mail.com,Quorck Dard (473) 117-0400 affilemail@mail.com,
Cack,Arork,genericemail135@email.com,(859) 380-4040,13217,Courd Adim,Rork Jyk (832) 084-1954 affilemail@mail.com,Quoc Klyrd,
Grurd,Arorrd,genericemail150@email.com,(775) 345-0348,18368,Edelle Lird (885) 598-8773 affilemail@mail.com,Grouttel Gorrk (929) 423-7250 affilemail@mail.com,
Kaem,Arorttel,genericemail112@email.com,(757) 086-5225,42341,Gaelle Moub,Mutney Klaettel,Quaer Edotney,
Nem,Arutt,genericemail2@email.com,(968) 348-4992,40523,Allird Edorr (380) 880-6819 affilemail@mail.com,Adeb Edatt,Ellym Grittel,Paec Kletney (653) 924-6182 affilemail@mail.com,Cortt Ralle,Edutt Klik (953) 252-5867 affilemail@mail.com,Brylle Beoum,Rorr Rorr (250) 839-3967 affilemail@mail.com,
Kuck,Baeck,genericemail89@email.com,(895) 763-8214,11951,Doc Mytt,Grorlle Dorr,Quorm Aditt,Zaerd Brouttel,
Graerd,Baer,genericemail180@email.com,(468) 861-8675,39390,Ellorrd Bratt,
Allek,Beour,genericemail191@email.com,(035) 528-1302,35744,Grotney Brub (121) 737-5011 affilemail@mail.com,Fob Edird (533) 019-2060 affilemail@mail.com,Brerk Zyttel,
Gik,Bork,genericemail93@email.com,(615) 596-4672,25132,Edorb Zulle,Allaetney Hock (115) 673-2088 affilemail@mail.com,
Zark,Braeck,genericemail24@email.com,(565) 926-5232,36018,Adorr Fattel,Jok Hourd (099) 511-1233 affilemail@mail.com,Klutt Fott,
Guck,Bratney,genericemail33@email.com,(103) 250-3226,25275,Adym Mirk (193) 972-1320 affilemail@mail.com,Zaec Adorrd (978) 011-4743 affilemail@mail.com,
Cyrd,Breoum,genericemail19@email.com,(104) 079-0814,18483,Forlle Lem (321) 040-7590 affilemail@mail.com,Klorm Ceoutt (733) 076-6028 affilemail@mail.com,
Pitt,Brettel,genericemail18@email.com,(284) 183-7581,38458,Cir Grak (678) 955-5663 affilemail@mail.com,
For,Brub,genericemail79@email.com,(342) 436-2593,12751,
Nuck,Brurd,genericemail45@email.com,(482) 491-4394,30416,Ceour Alleouk (518) 075-7429 affilemail@mail.com,Alleck Jaer,Guttel Quittel,
Korttel,Brutney,genericemail184@email.com,(473) 940-4947,38319,Grib Kum (392) 964-4439 affilemail@mail.com,Grird Quik (274) 371-9995 affilemail@mail.com,Gim Zur (939) 528-8413 affilemail@mail.com,
Faelle,Bruttel,genericemail3@email.com,(915) 036-4929,14745,Edeourk Julle,Culle Fir,Gryttel Aroc (429) 307-7873 affilemail@mail.com,
Rom,Caem,genericemail175@email.com,(669) 725-7506,38612,Hour Baeck,Fub Ham (875) 822-3607 affilemail@mail.com,Arouk Mett,Neouk Paeb,Aric Klark,Kleoum Ellub (650) 051-1538 affilemail@mail.com,
Cur,Cib,genericemail183@email.com,(572) 139-3387,20939,Zelle Gratney (499) 345-3179 affilemail@mail.com,Mark Guk (720) 631-5439 affilemail@mail.com,
Gec,Com,genericemail198@email.com,(269) 605-9932,37543,Poum Pulle,Paett Graerk,Loutt Feoulle (485) 435-3318 affilemail@mail.com,
Gouk,Dar,genericemail159@email.com,(767) 933-4959,34458,Grortt Corrd,Kob Grorck (519) 579-9914 affilemail@mail.com,
Huck,Dar,genericemail47@email.com,(467) 194-6128,33158,Gattel Jurd (065) 056-0724 affilemail@mail.com,Allouck Peoutt (631) 755-5489 affilemail@mail.com,Jytt Jirk (182) 979-9006 affilemail@mail.com,Grorm Kur,Brurk Porb,
Noum,Dorc,genericemail56@email.com,(083) 766-0520,41597,Hem Edeb (808) 572-4292 affilemail@mail.com,
Boub,Duc,genericemail90@email.com,(542) 429-8566,25026,Ellitney Lek,
Haerd,Dutney,genericemail85@email.com,(940) 097-8652,19827,Roub Rorb (050) 936-5596 affilemail@mail.com,Houck Adurd (750) 320-3885 affilemail@mail.com,Grouttel Kard,Grar Citt (917) 985-9040 affilemail@mail.com,
Por,Dutt,genericemail66@email.com,(972) 352-7965,24047,Allar Grouck,Zik Edeouttel (861) 569-1892 affilemail@mail.com,Daetney Nyc (731) 497-5981 affilemail@mail.com,
Brub,Edaetney,genericemail17@email.com,(876) 172-3785,36443,Cik Cott (081) 092-4915 affilemail@mail.com,
Elleourk,Edoum,genericemail20@email.com,(827) 407-6012,39621,Geour Beoulle,
Grur,Edourd,genericemail98@email.com,(387) 599-7522,26755,Lorr Cick,Gryb Foub,Queoutney Alluk (353) 061-7384 affilemail@mail.com,
Gerd,Edylle,genericemail152@email.com,(858) 261-8576,11012,Naett Heour (630) 423-0084 affilemail@mail.com,
Mett,Ellaec,genericemail123@email.com,(161) 111-3569,34828,Pourk Hurk (320) 838-9307 affilemail@mail.com,Rorrk Feouck,Fotney Allaeck,
Alloutt,Ellark,genericemail166@email.com,(961) 394-5453,32203,
Ellaettel,Ellett,genericemail111@email.com,(393) 060-6264,11933,Gaec Fyr (924) 906-5522 affilemail@mail.com,Quytt Zok,
Deoutt,Ellorc,genericemail92@email.com,(839) 266-5914,12914,Grorlle Houc,
Horc,Elluck,genericemail81@email.com,(073) 431-1879,35061,Dyck Ceoub (347) 001-8311 affilemail@mail.com,Galle Gutt,
Jeoutt,Feouttel,genericemail22@email.com,(617) 015-2290,27206,Poum Klerd,Geoutt Kork,Elloulle Ceoulle,
Fouc,Form,genericemail120@email.com,(681) 849-5181,19765,Corr Reouk (689) 305-0105 affilemail@mail.com,Elleouttel Bok (105) 006-0505 affilemail@mail.com,Gaeck Norrd,Ber Daec (457) 079-3804 affilemail@mail.com,Quorc Fourk (821) 216-4930 affilemail@mail.com,Rick Lorlle,
Alleouk,Fuk,genericemail162@email.com,(840) 828-2773,32397,Fouck Hotney (417) 845-0275 affilemail@mail.com,Edark Klurk,Broub Allerk (287) 578-7547 affilemail@mail.com,Adyttel Edottel (139) 054-4636 affilemail@mail.com,Muc Klerd,Getney Arord,
Allattel,Geourk,genericemail46@email.com,(163) 490-5650,15532,Lark Haec,Quird Culle (561) 049-4026 affilemail@mail.com,Jir Mettel,
Ror,Gille,genericemail127@email.com,(396) 843-0508,10558,Adir Car (939) 501-4088 affilemail@mail.com,
Hec,Gock,genericemail133@email.com,(750) 135-4086,37894,Zytt Araettel (461) 297-9208 affilemail@mail.com,Dek Brortney,Kottel Kuk (823) 235-8575 affilemail@mail.com,
Nylle,Gork,genericemail23@email.com,(823) 027-8859,20987,Naek Kur (712) 753-4455 affilemail@mail.com,Quork Queck (008) 138-1698 affilemail@mail.com,Pym Allyttel,Braerd Klec,
Greourd,Gorttel,genericemail160@email.com,(870) 613-0627,25654,Lorrd Dym,Groutney Zaerk (827) 372-4834 affilemail@mail.com,Zeourd Edub,Klurk Dum (206) 963-5575 affilemail@mail.com,
Nytney,Goulle,genericemail82@email.com,(947) 056-4925,17804,Paerd Broutt (219) 493-5506 affilemail@mail.com,
Gorck,Gralle,genericemail172@email.com,(936) 784-0936,25856,Allyck Haetney,Cytney Loub (388) 688-6305 affilemail@mail.com,
Rolle,Gratt,genericemail145@email.com,(432) 573-8111,14150,Aderk Arittel,Areck Jorlle,Adam Lir,Kortney Klatt,Faerk Dak (360) 509-2954 affilemail@mail.com,
Ellor,Grem,genericemail16@email.com,(554) 034-1229,34408,Edaetney Norrd,Dirk Graec,
Rom,Greoum,genericemail95@email.com,(161) 772-5377,16782,Gutney Edittel,Adettel Groub,Retney Zaerk (578) 917-3787 affilemail@mail.com,Nitt Dird,
Klaer,Greourk,genericemail114@email.com,(531) 259-8860,14683,
Lyrd,Gritney,genericemail124@email.com,(023) 635-8211,33644,Zaeb Bouttel (973) 602-9308 affilemail@mail.com,
Areck,Grork,genericemail129@email.com,(710) 290-1143,42764,Jattel Zott (942) 470-2498 affilemail@mail.com,Pyrd Klam,Dutney Bourd (750) 727-3052 affilemail@mail.com,
Dourk,Groub,genericemail137@email.com,(703) 067-6934,37946,Buc Cetney (008) 890-3464 affilemail@mail.com,Couk Allub (107) 752-1685 affilemail@mail.com,Edourd Allur (240) 108-7424 affilemail@mail.com,Moulle Nattel,
Broutt,Groub,genericemail73@email.com,(691) 434-6843,39616,Baett Adok,
Dum,Grur,genericemail117@email.com,(227) 278-2833,21659,Adorr Adulle,Grortt Feb,Grim Quock,Allittel Arouc,Byk Gork,Elloc Jerd,
Laettel,Gryb,genericemail102@email.com,(518) 812-7550,36747,Quaelle For (973) 062-3929 affilemail@mail.com,Edird Gaeb (022) 539-5789 affilemail@mail.com,Jeoutney Jeouck,Daer Rott (370) 630-1675 affilemail@mail.com,Ellac Grer,
Arorb,Grylle,genericemail60@email.com,(408) 848-1778,12990,Aryk Aric (454) 216-8466 affilemail@mail.com,Catt Ritney,Jeb Edeouttel (055) 844-3963 affilemail@mail.com,Jorb Rourk (292) 405-7604 affilemail@mail.com,Caem Rylle (465) 104-9958 affilemail@mail.com,
Allym,Guc,genericemail32@email.com,(319) 878-4443,42629,Educk Quor,Beouttel Ellulle (577) 744-0411 affilemail@mail.com,Geourd Reoum (476) 498-7386 affilemail@mail.com,Nutney Beoum,Alleouck Faett (074) 818-2214 affilemail@mail.com,
Ellaett,Gulle,genericemail54@email.com,(273) 842-6763,39979,Fob Dim (229) 494-8463 affilemail@mail.com,Ellaerk Lic (759) 149-1762 affilemail@mail.com,Areour Jaem,
Fatt,Gum,genericemail174@email.com,(863) 492-4620,35021,Beouck Fyck,
Adourd,Gum,genericemail39@email.com,(123) 773-3391,12850,Gaec Kaer (433) 676-6148 affilemail@mail.com,Deouttel Gutt (916) 763-7127 affilemail@mail.com,Pac Edem,Horck Huttel,
Dock,Haeb,genericemail110@email.com,(018) 581-4751,23965,Grub Dum (359) 321-5974 affilemail@mail.com,Adem Elleourk,Hork Klic,
Loc,Haem,genericemail186@email.com,(206) 739-2527,15201,Allourk Allytney (761) 991-1850 affilemail@mail.com,Dylle Quork (459) 949-0711 affilemail@mail.com,Pettel Rottel (930) 123-7134 affilemail@mail.com,Neoub Geck (137) 914-9497 affilemail@mail.com,
Allouk,Haerd,genericemail156@email.com,(549) 693-3279,11816,Geouttel Quutt (582) 726-3855 affilemail@mail.com,
Forc,Jaem,genericemail146@email.com,(492) 847-3628,14279,Morrk Pourd,Boub Kam,Allic Geour,
Bytney,Jik,genericemail197@email.com,(866) 611-3351,17924,Gock Allott,Brik Pott (084) 119-5437 affilemail@mail.com,Pak Pyb (736) 882-5765 affilemail@mail.com,Kick Pyk,
Greoutt,Jorb,genericemail103@email.com,(368) 645-3086,14321,Doulle Ellom (260) 628-8626 affilemail@mail.com,Fylle Gyk (571) 748-0464 affilemail@mail.com,Dorttel Klitney (492) 177-7763 affilemail@mail.com,
Borrk,Jyrk,genericemail199@email.com,(544) 184-1621,38929,Neoutt Adortt (999) 473-3807 affilemail@mail.com,Forr Laem (491) 728-9669 affilemail@mail.com,Jyr Deoum (427) 540-1404 affilemail@mail.com,Grak Jourd,
Por,Kab,genericemail122@email.com,(104) 451-2289,29774,Ror Gaerd,Quatt Borc (955) 780-8873 affilemail@mail.com,Kub Gratt (679) 912-3297 affilemail@mail.com,
Dyck,Katt,genericemail154@email.com,(970) 191-0352,10587,Cortney Quoc,Noutney Foum,Grord Ellok (931) 620-8889 affilemail@mail.com,Fark Putt,Nerd Loub,Alleoutt Edur (923) 506-5940 affilemail@mail.com,
Rettel,Kitney,genericemail41@email.com,(545) 744-6775,18979,Ditt Rark,Reb Per (229) 267-3605 affilemail@mail.com,Arelle Pird (668) 158-6946 affilemail@mail.com,Lack Arorrk,Nyr Allork (697) 175-1644 affilemail@mail.com,Hitt Bratney (750) 795-6853 affilemail@mail.com,
Kaetney,Kluck,genericemail104@email.com,(789) 370-3713,32998,Gic Pac,Hik Geoutney (867) 577-1500 affilemail@mail.com,Brec Jyrd,Edorr Ellaerd (938) 607-3608 affilemail@mail.com,
Bytney,Kouk,genericemail121@email.com,(425) 769-3221,23748,Bytney Areourk,Adaetney Grum (677) 855-0007 affilemail@mail.com,
Jac,Kyc,genericemail107@email.com,(602) 577-4422,12548,Bac Ger (150) 788-7427 affilemail@mail.com,
Lurk,Kyttel,genericemail69@email.com,(269) 035-6889,19814,Dyrd Pib (787) 818-3351 affilemail@mail.com,Jurk Korc (081) 533-5857 affilemail@mail.com,Allille Baettel,
Arick,Laec,genericemail10@email.com,(402) 319-8989,36504,Beoutt Heouck,
Apple,Lorttel,genericemail15@email.com,(881) 523-2466,39174,Gruck Jurd (119) 955-5605 affilemail@mail.com,
Jerk,Lur,genericemail78@email.com,(321) 407-8970,11731,
Queck,Lyrk,genericemail139@email.com,(349) 649-5658,20699,Gritney Ellulle,Duck Norm,Hard Quoum,Jyb Adork,
Edork,Lyrk,genericemail8@email.com,(588) 013-2227,24423,Arik Horr (955) 837-8379 affilemail@mail.com,
Rortt,Maec,genericemail27@email.com,(651) 295-6154,17450,Allord Bott (133) 529-0485 affilemail@mail.com,Queouttel Allottel (110) 818-7289 affilemail@mail.com,Korc Kelle,Gord Zom (717) 950-3401 affilemail@mail.com,Areb Dick (924) 904-4985 affilemail@mail.com,
Cird,Maeck,genericemail100@email.com,(198) 887-5090,31082,Geb Broutt,Keouck Elleouttel (595) 647-6800 affilemail@mail.com,Quyk Klaerk,Arourd Kaeck (611) 395-0138 affilemail@mail.com,Joc Horlle (146) 428-2268 affilemail@mail.com,Colle Arattel (668) 867-3311 affilemail@mail.com,
Naettel,Maetney,genericemail173@email.com,(480) 583-4245,24858,
Delle,Meoum,genericemail168@email.com,(794) 480-6780,17603,Rirk Grib,Fettel Arird,Jyb Adord (148) 950-9695 affilemail@mail.com,
Jolle,Metney,genericemail116@email.com,(644) 529-8416,37213,Klurk Pittel,
Rytt,Mittel,genericemail62@email.com,(083) 515-8371,10935,Ditt Hyc (420) 159-0426 affilemail@mail.com,Klorrk Adytney,Elleouc Adorm,Perd Nab,
Alleck,Mock,genericemail141@email.com,(586) 326-4324,25347,Kok Zeouttel,Feouc Mub (137) 955-5201 affilemail@mail.com,Edaettel Grittel (713) 725-5885 affilemail@mail.com,
Zob,Morb,genericemail119@email.com,(566) 766-0643,30556,Gam Mork,Allom Reoutney (362) 905-1673 affilemail@mail.com,Laeb Dord (016) 173-9517 affilemail@mail.com,
Grab,Mork,genericemail169@email.com,(412) 137-1064,38153,
Allourk,Mouck,genericemail91@email.com,(385) 494-1580,18171,Quorb Peoum (629) 170-5427 affilemail@mail.com,Greoub Gaeb (837) 935-8309 affilemail@mail.com,Nek Klalle (736) 863-2608 affilemail@mail.com,
Hic,Mulle,genericemail149@email.com,(223) 202-7825,22504,Jek Brytt (221) 135-9112 affilemail@mail.com,Adeoutney Grob,
Quuc,Murk,genericemail55@email.com,(192) 322-2917,42628,Araek Berd,Ratney Allattel,Edyk Gorck,
Laelle,Myb,genericemail182@email.com,(501) 701-6336,30585,Couttel Jom (566) 705-3935 affilemail@mail.com,Gatt Ceouck,Brulle Aderk (960) 083-7969 affilemail@mail.com,
Edeck,Natt,genericemail188@email.com,(962) 791-9389,37772,Breouc Kortt (877) 145-4186 affilemail@mail.com,Grouc Kaerk,Gryb Raelle,Ellam Beourk,
Kirk,Paerk,genericemail151@email.com,(254) 231-2353,35059,Arok Paeck,Quub Kub,Gylle Zoutney,
Jeoutney,Pib,genericemail161@email.com,(973) 465-4837,30747,Ador Faeb (631) 693-2356 affilemail@mail.com,Rurd Allorlle (319) 630-2552 affilemail@mail.com,Jolle Ederk (547) 909-4506 affilemail@mail.com,Korrk Zub,
Adorck,Porm,genericemail21@email.com,(926) 315-9702,38162,Ellatney Meb (407) 553-1888 affilemail@mail.com,Gouck Edar (935) 427-2672 affilemail@mail.com,Hack Kym (817) 866-9926 affilemail@mail.com,Jyr Leb,Kord Borlle (161) 157-4856 affilemail@mail.com,
Klim,Pouk,genericemail38@email.com,(843) 581-2602,27860,Brytney Ellom,Arourk Merk (194) 230-1486 affilemail@mail.com,Grorlle Edack (354) 427-7566 affilemail@mail.com,Jytney Grim,Getney Cuttel,Foum Adoc,Brek Gaerk,
Arar,Puc,genericemail138@email.com,(400) 087-2070,38312,
Dalle,Puck,genericemail193@email.com,(804) 951-2644,35913,Jaetney Hatt (324) 188-3589 affilemail@mail.com,Joutt Gryck,
Couck,Quaetney,genericemail97@email.com,(040) 779-6981,20293,Gulle Rob,Caetney Jek,Aruc Deoutney,Araerd Catney (686) 331-6069 affilemail@mail.com,Derk Noulle (860) 069-8784 affilemail@mail.com,
Gett,Quark,genericemail64@email.com,(481) 486-6609,17004,Houk Zotney (076) 228-6238 affilemail@mail.com,Daerd Allic (303) 202-3437 affilemail@mail.com,Jortt Brork,
Arar,Quelle,genericemail190@email.com,(702) 666-2933,32532,Gark Baerd,
Gyttel,Queouck,genericemail30@email.com,(331) 414-5763,38223,Adeouck Nurk (789) 014-0734 affilemail@mail.com,Adutney Mouc,Gam Naem,Brim Neoulle (619) 735-0065 affilemail@mail.com,Gab Feour (258) 698-3550 affilemail@mail.com,
Geouk,Quorc,genericemail71@email.com,(441) 675-4023,23239,Cyc Norb,Nutt Zorrk,
Zorc,Quorck,genericemail42@email.com,(127) 491-9362,15820,Ellen Choir (577) 443-3864 affilemail@mail.com,Allaetney Adar (253) 234-0237 affilemail@mail.com,Adeour Boutney,Zott Kaetney (256) 588-2852 affilemail@mail.com,Baett Gutt,Rick James,Cory Heim (435) 215-5252,
Quuc,Quorr,genericemail11@email.com,(590) 838-7269,11723,Grylle Keoum,
Edard,Quyc,genericemail128@email.com,(067) 448-8301,13698,Greouck Byc (723) 226-9115 affilemail@mail.com,Kloutt Kouttel,
Adutt,Rac,genericemail75@email.com,(880) 743-3208,20377,Allaeck Arib,Bylle Adub (506) 253-6686 affilemail@mail.com,Quaett Grorb (396) 747-6342 affilemail@mail.com,
Gyk,Rick,genericemail94@email.com,(811) 000-3796,30381,Araek Lim (316) 642-1972 affilemail@mail.com,Jerd Jettel,Mur Mytt,Allaelle Ellouc (757) 930-4495 affilemail@mail.com,Gib Ceoutney,Allard Meourd (218) 126-6081 affilemail@mail.com,Nouck Edeouc,
Elletney,Roc,genericemail109@email.com,(103) 589-9092,29514,Ellaem Quird (154) 687-4935 affilemail@mail.com,Arorc Goub,Hett Zic,Corttel Grub (789) 952-2271 affilemail@mail.com,Zorrk Zutney,
Meoutt,Rorm,genericemail163@email.com,(099) 793-2194,31004,Feouck Gird (493) 245-6393 affilemail@mail.com,Elloc Grur,Brorb Kac (120) 455-5437 affilemail@mail.com,
Geouc,Rytney,genericemail63@email.com,(178) 599-2969,23485,Quack Adard (161) 022-1035 affilemail@mail.com,Brottel Edyrk (490) 925-1402 affilemail@mail.com,Mitney Bytney (564) 245-2115 affilemail@mail.com,Arar Lurd (098) 449-5051 affilemail@mail.com,Zaem Allouc,Pim Horrk,Coc Pork (959) 911-4751 affilemail@mail.com,
Rytt,Zaeck,genericemail153@email.com,(463) 244-2117,13279,Cytt Ellourd (340) 424-5502 affilemail@mail.com,Gritney Gark (505) 546-1115 affilemail@mail.com,
Adoulle,Zaem,genericemail49@email.com,(037) 615-2595,12186,Lim Pitt,Ceouk Gitt,Zalle Arard (671) 252-4927 affilemail@mail.com,
Byrk,Zaett,genericemail1@email.com,(146) 071-7777,42209,Arouk Katney (826) 603-8012 affilemail@mail.com,Jaelle Zille,
Zir,Zeb,genericemail6@email.com,(583) 241-1595,25205,Grar Lim (891) 347-4636 affilemail@mail.com,
Lek,Zec,genericemail165@email.com,(725) 378-1005,39373,Quuc Cott,Klok Bryttel,
Putt,Zeouc,genericemail181@email.com,(602) 964-7564,15054,Zock Elloutney,
Ceourd,Zolle,genericemail28@email.com,(220) 023-1687,21749,Allak Gorr,
Goc,Zortney,genericemail51@email.com,(134) 277-3365,33859,Forttel Zoc,Meb Edem,Klor Ryk,
Nom,Zoutt,genericemail86@email.com,(575) 185-3160,18835,Beourd Klalle,Putney Zub,Allourd Hyck (224) 770-1717 affilemail@mail.com,
Adob,Zum,genericemail58@email.com,(629) 698-3957,23877,Gyr Kok,Mylle Zeck,Ellott Greour,Noum Cille (596) 119-4391 affilemail@mail.com,Breouc Bytney (873) 086-8306 affilemail@mail.com,
Dyttel,Zurd,genericemail195@email.com,(585) 425-0857,29282,Rorrk Gem (792) 513-6802 affilemail@mail.com,Batt Hor (549) 176-3093 affilemail@mail.com,Edoutney Adird,Murk Nolle,Jum Nor (098) 035-7677 affilemail@mail.com,Forrd Porlle (981) 180-9990 affilemail@mail.com,
