First Name,Last Name,Affiliates,
Gaett,Adoum,Allulle Juc (643) 056-1829 affilemail@mail.com,Klak Jutt,
Gatt,Adar,Keourd Ruk,
Gavin,Quorck,Ellen Choir (577) 443-3864 affilemail@mail.com,Allaetney Adar (253) 234-0237 affilemail@mail.com,Adeour Boutney,Zott Kaetney (256) 588-2852 affilemail@mail.com,Baett Gutt,Rick James,Cory Heim (435) 215-5252,
Gec,Com,Poum Pulle,Paett Graerk,Loutt Feoulle (485) 435-3318 affilemail@mail.com,
Geouc,Rytney,Quack Adard (161) 022-1035 affilemail@mail.com,Brottel Edyrk (490) 925-1402 affilemail@mail.com,Mitney Bytney (564) 245-2115 affilemail@mail.com,Arar Lurd (098) 449-5051 affilemail@mail.com,Zaem Allouc,Pim Horrk,Coc Pork (959) 911-4751 affilemail@mail.com,
Geouck,Arib,Ellaec Fek (895) 307-7234 affilemail@mail.com,
Geouk,Quorc,Cyc Norb,Nutt Zorrk,
Geouttel,Areouttel,Zeourk Cim (801) 191-0323 affilemail@mail.com,Allutney Laerd,Kim Maettel (543) 738-0568 affilemail@mail.com,Cik Quetney (430) 205-1058 affilemail@mail.com,
Gerd,Edylle,Naett Heour (630) 423-0084 affilemail@mail.com,
Gett,Quark,Houk Zotney (076) 228-6238 affilemail@mail.com,Daerd Allic (303) 202-3437 affilemail@mail.com,Jortt Brork,
Gik,Bork,Edorb Zulle,Allaetney Hock (115) 673-2088 affilemail@mail.com,
Goc,Zortney,Forttel Zoc,Meb Edem,Klor Ryk,
Gorck,Gralle,Allyck Haetney,Cytney Loub (388) 688-6305 affilemail@mail.com,
Gouk,Dar,Grortt Corrd,Kob Grorck (519) 579-9914 affilemail@mail.com,
Gourd,Allatney,Kott Alletney (384) 130-4177 affilemail@mail.com,Kluttel Klorrd (505) 122-1553 affilemail@mail.com,Huc Cuttel,
Grab,Mork,
Graerd,Baer,Ellorrd Bratt,
Greourd,Gorttel,Lorrd Dym,Groutney Zaerk (827) 372-4834 affilemail@mail.com,Zeourd Edub,Klurk Dum (206) 963-5575 affilemail@mail.com,
Greoutt,Jorb,Doulle Ellom (260) 628-8626 affilemail@mail.com,Fylle Gyk (571) 748-0464 affilemail@mail.com,Dorttel Klitney (492) 177-7763 affilemail@mail.com,
Grur,Edourd,Lorr Cick,Gryb Foub,Queoutney Alluk (353) 061-7384 affilemail@mail.com,
Grurd,Arorrd,Edelle Lird (885) 598-8773 affilemail@mail.com,Grouttel Gorrk (929) 423-7250 affilemail@mail.com,
Guck,Bratney,Adym Mirk (193) 972-1320 affilemail@mail.com,Zaec Adorrd (978) 011-4743 affilemail@mail.com,
Gyk,Rick,Araek Lim (316) 642-1972 affilemail@mail.com,Jerd Jettel,Mur Mytt,Allaelle Ellouc (757) 930-4495 affilemail@mail.com,Gib Ceoutney,Allard Meourd (218) 126-6081 affilemail@mail.com,Nouck Edeouc,
Gyttel,Queouck,Adeouck Nurk (789) 014-0734 affilemail@mail.com,Adutney Mouc,Gam Naem,Brim Neoulle (619) 735-0065 affilemail@mail.com,Gab Feour (258) 698-3550 affilemail@mail.com,
